egg,all-purpose flour,35
egg,sour cream,14
all-purpose flour,sour cream,20
all-purpose flour,lemon,7
white sugar,all-purpose flour,30
egg,white sugar,23
egg,lemon,6
sour cream,lemon,4
white sugar,lemon,8
white sugar,sour cream,10
vegetable oil,all-purpose flour,5
salt,pepper,30
vegetable oil,water,10
beef,salt,16
egg,water,14
water,beef,5
beef,onion,21
egg,onion,12
vegetable oil,salt,13
beef,water,11
onion,water,19
all-purpose flour,onion,13
egg,pepper,8
all-purpose flour,water,15
egg,beef,4
egg,salt,45
vegetable oil,onion,16
vegetable oil,pepper,6
all-purpose flour,beef,9
onion,pepper,22
all-purpose flour,pepper,10
salt,beef,8
water,onion,16
water,all-purpose flour,13
egg,vegetable oil,22
water,pepper,11
water,water,3
salt,all-purpose flour,26
vegetable oil,beef,6
onion,salt,38
beef,pepper,15
salt,salt,13
all-purpose flour,salt,42
salt,onion,21
water,salt,26
salt,water,20
carrot,mayonnaise,10
potato,beetroot,5
onion,mayonnaise,12
herring,mayonnaise,2
carrot,herring,2
carrot,onion,14
carrot,beetroot,4
potato,herring,2
potato,carrot,14
potato,onion,19
beetroot,mayonnaise,4
potato,mayonnaise,14
beetroot,herring,2
beetroot,onion,6
onion,herring,2
buttermilk,salt,3
potato,water,10
all-purpose flour,butter,30
water,mozzarella cheese,2
potato,all-purpose flour,5
water,butter,13
all-purpose flour,buttermilk,2
all-purpose flour,mozzarella cheese,2
salt,mozzarella cheese,2
buttermilk,butter,2
potato,salt,19
buttermilk,water,2
salt,butter,25
buttermilk,mozzarella cheese,2
mozzarella cheese,butter,2
potato,butter,7
potato,mozzarella cheese,2
potato,buttermilk,3
egg,potato,6
vegetable oil,mushroom,6
chicken,mushroom,3
vegetable oil,egg,6
vegetable oil,potato,4
mushroom,black olive,2
cheddar cheese,black olive,2
chicken,salt,6
egg,cheddar cheese,6
salt,black olive,2
black olive,potato,2
vegetable oil,black olive,2
cheddar cheese,potato,2
chicken,mayonnaise,6
garlic,egg,3
garlic,potato,3
mushroom,potato,3
salt,egg,24
salt,potato,6
salt,mushroom,15
mushroom,cheddar cheese,3
onion,mushroom,14
mushroom,garlic,10
garlic,black olive,2
mayonnaise,black olive,2
chicken,cheddar cheese,4
onion,egg,14
onion,potato,9
mushroom,mayonnaise,5
mayonnaise,egg,5
mayonnaise,potato,2
chicken,garlic,3
salt,vegetable oil,22
onion,black olive,2
chicken,onion,4
vegetable oil,cheddar cheese,3
mayonnaise,cheddar cheese,4
salt,mayonnaise,6
chicken,potato,4
chicken,egg,5
mayonnaise,garlic,7
onion,cheddar cheese,4
chicken,vegetable oil,3
chicken,black olive,2
salt,garlic,12
vegetable oil,mayonnaise,4
onion,garlic,21
egg,black olive,2
salt,cheddar cheese,5
mushroom,egg,5
garlic,cheddar cheese,3
vegetable oil,garlic,4
cabbage,puff pastry,3
egg,egg,12
butter,egg,19
butter,cabbage,7
butter,salt,22
cabbage,egg,6
cabbage,salt,11
salt,puff pastry,3
dill,puff pastry,3
puff pastry,egg,3
dill,salt,11
egg,dill,11
dill,egg,5
butter,dill,10
egg,puff pastry,3
butter,puff pastry,3
cabbage,dill,10
dry active yeast,salt,13
dry active yeast,water,4
milk,egg,18
lemon,egg,4
milk,raisin,3
white sugar,water,7
walnut,egg,2
white sugar,poppy seed,4
salt,honey,3
butter,honey,6
egg,raisin,4
all-purpose flour,raisin,5
dry active yeast,milk,8
all-purpose flour,white sugar,16
poppy seed,walnut,2
salt,raisin,3
egg,honey,2
white sugar,milk,10
raisin,walnut,2
all-purpose flour,poppy seed,4
all-purpose flour,milk,7
milk,walnut,3
white sugar,egg,18
raisin,white sugar,4
milk,poppy seed,2
milk,lemon,4
salt,white sugar,9
honey,white sugar,4
white sugar,honey,4
milk,butter,13
salt,poppy seed,2
butter,poppy seed,3
white sugar,butter,19
lemon,white sugar,3
poppy seed,egg,2
egg,butter,19
milk,salt,14
butter,white sugar,12
all-purpose flour,walnut,6
poppy seed,white sugar,2
honey,walnut,3
white sugar,salt,31
salt,milk,8
lemon,walnut,3
honey,water,4
butter,walnut,5
dry active yeast,poppy seed,2
dry active yeast,walnut,2
honey,egg,6
egg,walnut,6
white sugar,walnut,4
dry active yeast,white sugar,10
poppy seed,milk,2
raisin,egg,5
butter,water,8
poppy seed,water,2
white sugar,raisin,5
white sugar,white sugar,9
dry active yeast,lemon,4
milk,water,4
lemon,raisin,2
raisin,water,3
salt,walnut,3
lemon,honey,2
lemon,all-purpose flour,4
milk,milk,4
dry active yeast,egg,12
poppy seed,honey,2
dry active yeast,all-purpose flour,11
egg,milk,7
dry active yeast,honey,4
lemon,salt,7
poppy seed,raisin,2
all-purpose flour,egg,25
butter,raisin,3
walnut,water,2
milk,white sugar,13
dry active yeast,raisin,3
lemon,milk,2
lemon,butter,3
butter,milk,5
egg,poppy seed,3
dry active yeast,butter,9
all-purpose flour,honey,3
milk,dry active yeast,5
raisin,honey,3
milk,all-purpose flour,17
lemon,poppy seed,2
lemon,water,4
milk,honey,3
tomato,garlic,5
tomato,onion,7
pork,garlic,4
tomato,gouda cheese,2
gouda cheese,mustard,2
onion,gouda cheese,3
gouda cheese,garlic,3
gouda cheese,salt,3
tomato,salt,10
pork,gouda cheese,2
garlic,salt,13
tomato,mustard,2
garlic,mustard,4
pork,tomato,5
salt,mustard,5
pork,onion,6
pork,salt,6
onion,mustard,6
pork,mustard,2
white sugar,"1/2 teaspoon vanilla extract, or to taste (optional)",1
cottage cheese,"1/2 teaspoon vanilla extract, or to taste (optional)",1
white sugar,vegetable oil,17
cottage cheese,egg,7
egg,"1/2 teaspoon vanilla extract, or to taste (optional)",1
"1/2 teaspoon vanilla extract, or to taste (optional)",vegetable oil,1
all-purpose flour,vegetable oil,18
all-purpose flour,icing sugar,8
cottage cheese,all-purpose flour,3
all-purpose flour,"1/2 teaspoon vanilla extract, or to taste (optional)",1
vegetable oil,icing sugar,2
cottage cheese,salt,4
white sugar,icing sugar,6
"1/2 teaspoon vanilla extract, or to taste (optional)",icing sugar,1
salt,icing sugar,6
egg,icing sugar,7
cottage cheese,vegetable oil,2
cottage cheese,icing sugar,2
cottage cheese,white sugar,5
"1/2 teaspoon vanilla extract, or to taste (optional)",salt,1
butter,all-purpose flour,24
beef stock,white wine,2
scallion,salt,4
mushroom,white wine,3
butter,sour cream,16
beef,mushroom,10
butter,mustard,2
scallion,mustard,1
all-purpose flour,beef stock,5
scallion,all-purpose flour,1
scallion,sour cream,2
white wine,salt,1
scallion,mushroom,1
pepper,white wine,3
salt,white wine,4
mushroom,pepper,5
mustard,mushroom,1
beef stock,pepper,4
pepper,scallion,1
sour cream,pepper,5
salt,sour cream,24
all-purpose flour,mushroom,11
beef,beef stock,7
mushroom,salt,8
beef,white wine,4
beef,butter,7
white wine,pepper,1
sour cream,salt,12
butter,beef stock,5
all-purpose flour,white wine,3
mustard,white wine,1
beef,sour cream,16
salt,beef stock,6
butter,pepper,9
scallion,white wine,1
pepper,all-purpose flour,10
pepper,mustard,3
pepper,mushroom,8
beef stock,salt,4
pepper,sour cream,14
mustard,sour cream,3
mustard,salt,3
salt,scallion,3
beef stock,sour cream,9
beef,all-purpose flour,9
pepper,salt,5
beef stock,mustard,2
beef stock,mushroom,3
butter,scallion,2
butter,white wine,3
scallion,pepper,1
mustard,pepper,2
beef,scallion,1
scallion,beef stock,1
all-purpose flour,mustard,2
pepper,beef stock,5
sour cream,white wine,2
pepper,butter,4
mushroom,sour cream,12
pepper,pepper,2
butter,mushroom,13
beef,mustard,4
butter,icing sugar,5
icing sugar,all-purpose flour,1
icing sugar,walnut,1
vanilla,all-purpose flour,5
vanilla,walnut,1
vanilla,icing sugar,5
butter,vanilla,6
pepper,tomato,6
egg,tomato,3
beef,tomato,8
onion,tomato,15
rice,cabbage,2
cabbage,beef,4
rice,pepper,2
water,rice,4
water,egg,8
beef,egg,4
rice,salt,5
rice,onion,5
salt,tomato,7
cabbage,pepper,7
rice,tomato,4
water,tomato,8
cabbage,onion,5
water,cabbage,8
cabbage,tomato,7
rice,egg,4
rice,beef,2
dill,pepper,6
butter,chicken stock,3
dill,dill,3
salt,half-and-half,1
chicken stock,mushroom,3
butter,potato,4
chicken stock,salt,2
salt,bay leaf,3
mushroom,half-and-half,1
leek,all-purpose flour,1
carrot,all-purpose flour,1
butter,bay leaf,2
leek,dill,2
potato,half-and-half,1
chicken stock,pepper,1
mushroom,all-purpose flour,6
chicken stock,half-and-half,1
leek,half-and-half,1
carrot,pepper,8
butter,carrot,3
leek,pepper,1
carrot,half-and-half,1
half-and-half,dill,1
chicken stock,dill,3
leek,carrot,2
carrot,salt,15
dill,mushroom,2
dill,half-and-half,1
dill,all-purpose flour,5
salt,dill,12
chicken stock,all-purpose flour,2
pepper,potato,1
leek,salt,1
all-purpose flour,dill,6
leek,mushroom,1
carrot,chicken stock,1
bay leaf,all-purpose flour,2
bay leaf,potato,1
leek,chicken stock,1
bay leaf,mushroom,2
carrot,mushroom,4
bay leaf,half-and-half,1
carrot,dill,11
half-and-half,all-purpose flour,1
dill,bay leaf,2
mushroom,dill,8
chicken stock,potato,2
pepper,bay leaf,1
potato,mushroom,6
dill,potato,1
leek,bay leaf,1
pepper,half-and-half,1
potato,dill,13
pepper,dill,8
carrot,bay leaf,3
butter,leek,1
chicken stock,bay leaf,2
bay leaf,dill,4
carrot,potato,4
leek,potato,1
butter,half-and-half,1
beef,carrot,4
tomato,water,5
vinegar0,water,1
carrot,garlic,5
tomato,carrot,1
white sugar,cabbage,4
carrot,cabbage,6
carrot,water,7
vinegar0,salt,1
white sugar,garlic,2
tomato,white sugar,3
vinegar0,white sugar,1
beef,white sugar,3
carrot,vinegar0,1
onion,white sugar,4
salt,cabbage,7
pepper,garlic,8
white sugar,pepper,4
pepper,cabbage,2
pepper,water,6
garlic,cabbage,2
beef,garlic,12
vinegar0,cabbage,1
tomato,vinegar0,1
beef,cabbage,3
vinegar0,pepper,1
vinegar0,garlic,1
tomato,pepper,5
onion,cabbage,9
water,garlic,5
carrot,white sugar,4
tomato,cabbage,2
onion,vinegar0,1
beef,vinegar0,1
dill,vegetable stock,1
potato,sour cream,11
butter,tomato,5
potato,tomato,5
beetroot,celery,1
cabbage,sour cream,6
potato,vegetable stock,3
beetroot,dill,4
cabbage,honey,1
onion,sour cream,28
celery,pepper,2
caraway seed,salt,2
beetroot,tomato,2
carrot,cider vinegar,2
carrot,honey,1
onion,honey,1
pepper,vegetable stock,1
beetroot,carrot,4
celery,cabbage,3
salt,celery,2
onion,carrot,8
cider vinegar,honey,1
celery,carrot,2
water,dill,9
pepper,cider vinegar,1
celery,sour cream,3
onion,caraway seed,1
beetroot,caraway seed,1
water,sour cream,12
dill,honey,1
beetroot,butter,2
celery,honey,1
water,vegetable stock,1
butter,cider vinegar,1
water,carrot,5
cider vinegar,vegetable stock,1
onion,celery,4
cabbage,cider vinegar,1
potato,caraway seed,1
water,celery,3
caraway seed,carrot,1
butter,vegetable stock,1
tomato,vegetable stock,2
butter,onion,16
cabbage,vegetable stock,1
honey,vegetable stock,1
celery,dill,4
honey,tomato,1
salt,vegetable stock,1
beetroot,water,2
butter,celery,1
potato,cabbage,2
caraway seed,tomato,1
beetroot,salt,7
potato,celery,2
water,caraway seed,2
carrot,vegetable stock,2
carrot,tomato,6
tomato,sour cream,9
onion,vegetable stock,3
honey,sour cream,2
dill,cider vinegar,1
sour cream,vegetable stock,1
caraway seed,dill,1
pepper,honey,1
potato,cider vinegar,2
caraway seed,celery,1
cider vinegar,tomato,1
potato,honey,1
onion,dill,22
caraway seed,honey,2
celery,tomato,3
water,cider vinegar,2
caraway seed,cider vinegar,1
celery,vegetable stock,2
beetroot,sour cream,3
beetroot,cabbage,4
water,honey,3
salt,carrot,4
caraway seed,pepper,1
potato,pepper,6
beetroot,vegetable stock,1
caraway seed,vegetable stock,1
butter,caraway seed,1
beetroot,pepper,3
cider vinegar,sour cream,1
caraway seed,cabbage,1
caraway seed,sour cream,1
beetroot,cider vinegar,1
celery,cider vinegar,1
dill,sour cream,3
onion,cider vinegar,2
salt,cider vinegar,1
dill,tomato,2
carrot,sour cream,6
beetroot,honey,1
corn syrup,coffee,1
all-purpose flour,coffee,1
corn syrup,caraway seed,1
salt,coffee,1
coffee,dry active yeast,1
rye flour,margarine,1
margarine,caraway seed,1
salt,caraway seed,1
brown sugar,dry active yeast,1
cider vinegar,brown sugar,1
margarine,fennel seed,1
corn syrup,dry active yeast,2
caraway seed,dry active yeast,2
cider vinegar,cocoa powder,1
salt,dry active yeast,2
brown sugar,caraway seed,1
corn syrup,brown sugar,1
cider vinegar,salt,2
all-purpose flour,caraway seed,1
cider vinegar,rye flour,1
brown sugar,fennel seed,1
rye flour,corn syrup,1
salt,brown sugar,2
water,rye flour,2
coffee,fennel seed,1
rye flour,dry active yeast,2
all-purpose flour,cocoa powder,1
corn syrup,cocoa powder,1
all-purpose flour,dry active yeast,1
salt,cocoa powder,1
margarine,brown sugar,1
rye flour,fennel seed,1
brown sugar,cocoa powder,1
all-purpose flour,brown sugar,3
cocoa powder,fennel seed,1
margarine,coffee,1
rye flour,caraway seed,2
water,corn syrup,2
fennel seed,dry active yeast,1
cider vinegar,coffee,1
water,coffee,1
water,brown sugar,1
water,dry active yeast,4
margarine,corn syrup,1
cocoa powder,dry active yeast,2
cider vinegar,dry active yeast,1
all-purpose flour,margarine,1
water,cocoa powder,1
water,margarine,1
corn syrup,fennel seed,1
salt,margarine,1
all-purpose flour,fennel seed,1
cider vinegar,corn syrup,1
rye flour,coffee,2
salt,fennel seed,1
cocoa powder,coffee,2
rye flour,salt,2
rye flour,cocoa powder,2
cocoa powder,caraway seed,2
cider vinegar,caraway seed,1
cider vinegar,fennel seed,1
water,fennel seed,1
all-purpose flour,corn syrup,1
cider vinegar,all-purpose flour,1
rye flour,brown sugar,1
salt,corn syrup,1
cider vinegar,margarine,1
margarine,cocoa powder,1
all-purpose flour,rye flour,1
coffee,caraway seed,1
brown sugar,coffee,1
caraway seed,fennel seed,1
margarine,dry active yeast,1
beef,rice,2
onion,vinegar,3
garlic powder,salt,1
salt,vinegar,3
egg,vinegar,1
water,white sugar,9
pork,white sugar,1
cabbage,vinegar,3
pork,vinegar,1
salt,parsley,6
pepper,white sugar,2
beef,pork,3
onion,parsley,10
pork,pepper,1
parsley,salt,3
cabbage,white sugar,3
water,vinegar,4
cabbage,rice,3
rice,vinegar,1
tomato,vinegar,1
pork,rice,2
rice,white sugar,1
salt,garlic powder,1
cabbage,garlic powder,1
salt,rice,1
parsley,tomato,1
beef,vinegar,3
rice,garlic powder,1
pepper,vinegar,3
water,parsley,7
garlic powder,pepper,2
parsley,egg,1
vinegar,white sugar,2
water,garlic powder,1
water,pork,2
pork,parsley,1
garlic powder,white sugar,1
parsley,vinegar,1
garlic powder,vinegar,2
pork,egg,2
parsley,white sugar,1
egg,garlic powder,1
onion,garlic powder,2
salt,pork,1
parsley,pepper,2
beef,parsley,3
cabbage,water,5
garlic powder,tomato,1
pork,garlic powder,1
cabbage,parsley,2
cabbage,pork,3
parsley,garlic powder,1
beef,garlic powder,2
rice,parsley,2
dry active yeast,vegetable oil,4
water,vegetable oil,7
dill,vegetable oil,5
pepper,egg,3
onion,dry active yeast,1
onion,all-purpose flour,13
vegetable oil,vegetable oil,6
onion,vegetable oil,9
dill,water,2
onion,milk,3
vegetable oil,white sugar,2
dill,white sugar,1
dill,dry active yeast,1
beef,dry active yeast,1
pepper,milk,1
pepper,dry active yeast,1
beef,vegetable oil,4
milk,vegetable oil,9
pepper,vegetable oil,4
beef,milk,2
beef,dill,7
water,milk,3
dill,milk,1
butter,cornstarch,1
bacon,cornstarch,1
onion,beef stock,8
bacon,worcestershire sauce,1
vegetable oil,butter,4
celery,egg noodle,1
vegetable oil,worcestershire sauce,1
beef,worcestershire sauce,4
onion,egg noodle,6
beef,egg noodle,6
bacon,mushroom,1
onion,worcestershire sauce,6
bacon,water,2
bacon,butter,1
bacon,sour cream,2
celery,mushroom,1
cornstarch,water,1
egg noodle,cornstarch,1
bacon,egg noodle,1
vegetable oil,celery,1
worcestershire sauce,sour cream,3
mushroom,water,4
beef stock,egg noodle,2
celery,water,2
worcestershire sauce,beef stock,1
celery,worcestershire sauce,1
vegetable oil,egg noodle,1
worcestershire sauce,mushroom,2
bacon,salt,2
beef stock,water,1
worcestershire sauce,egg noodle,2
egg noodle,water,2
vegetable oil,sour cream,8
salt,cornstarch,1
celery,salt,3
beef stock,butter,1
bacon,celery,1
worcestershire sauce,butter,1
celery,butter,2
cornstarch,sour cream,1
beef,bacon,2
vegetable oil,bacon,1
beef,celery,2
beef stock,cornstarch,1
salt,worcestershire sauce,4
salt,egg noodle,4
celery,cornstarch,1
mushroom,cornstarch,1
onion,butter,6
egg noodle,sour cream,3
vegetable oil,beef stock,1
egg noodle,butter,1
celery,beef stock,1
worcestershire sauce,water,1
bacon,beef stock,1
onion,cornstarch,1
bacon,onion,3
beef,cornstarch,1
worcestershire sauce,cornstarch,1
vegetable oil,cornstarch,1
egg noodle,mushroom,1
butter,vegetable oil,5
garlic powder,all-purpose flour,2
pepper,lemon,1
chicken,breadcrumb,1
dill,parsley,1
garlic powder,egg,1
pepper,parsley,3
garlic powder,breadcrumb,1
butter,garlic powder,1
pepper,garlic powder,1
breadcrumb,vegetable oil,2
breadcrumb,parsley,1
all-purpose flour,breadcrumb,1
chicken,lemon,1
garlic powder,dill,1
all-purpose flour,parsley,1
butter,chicken,3
chicken,water,2
garlic powder,lemon,1
pepper,chicken,2
chicken,all-purpose flour,2
vegetable oil,lemon,1
butter,breadcrumb,2
lemon,parsley,1
butter,lemon,5
egg,breadcrumb,2
pepper,breadcrumb,1
breadcrumb,lemon,1
butter,parsley,3
vegetable oil,parsley,1
garlic powder,parsley,1
water,breadcrumb,2
dill,lemon,1
chicken,parsley,2
water,lemon,5
dill,breadcrumb,1
garlic powder,chicken,1
garlic powder,vegetable oil,1
egg,parsley,4
garlic powder,water,2
chicken,dill,1
vegetable stock,dill,2
wheat flour,sour cream,2
sauerkraut,pepper,2
potato,wheat flour,1
potato,green bean,1
green bean,sour cream,1
vegetable oil,sauerkraut,2
green bean,sauerkraut,1
vegetable oil,vegetable stock,1
wheat flour,pepper,1
vegetable stock,sour cream,2
vegetable oil,dill,5
vegetable stock,wheat flour,1
green bean,vegetable stock,1
potato,sauerkraut,2
sour cream,sauerkraut,2
vegetable oil,green bean,1
wheat flour,sauerkraut,1
vegetable stock,pepper,1
onion,sauerkraut,3
vegetable oil,wheat flour,1
green bean,wheat flour,1
sauerkraut,dill,1
vegetable stock,sauerkraut,1
sour cream,dill,6
green bean,pepper,1
wheat flour,dill,1
onion,green bean,1
onion,wheat flour,2
green bean,dill,1
garlic,tomato,5
garlic,all-purpose flour,4
butter,garlic,8
mushroom,tomato,3
garlic,sour cream,10
mushroom,onion,10
all-purpose flour,tomato,3
tomato,white wine,1
garlic,butter,2
garlic,white wine,2
tomato,beef stock,2
garlic,beef stock,4
butter,butter,14
onion,white wine,2
mushroom,butter,3
mushroom,beef stock,4
all-purpose flour,garlic,10
all-purpose flour,all-purpose flour,13
egg,baking powder,6
all-purpose flour,baking powder,9
baking powder,orange,1
baking powder,salt,1
baking powder,baking soda,1
vegetable shortening,baking powder,1
icing sugar,orange,1
butter,orange,1
orange,baking powder,1
egg,baking soda,7
vegetable shortening,orange,1
vegetable shortening,salt,1
white sugar,baking soda,7
baking soda,icing sugar,1
baking soda,butter,4
vegetable shortening,all-purpose flour,1
vegetable shortening,icing sugar,1
baking powder,icing sugar,2
baking powder,butter,6
vegetable shortening,baking soda,1
orange,icing sugar,1
orange,butter,1
egg,orange,1
icing sugar,butter,2
white sugar,baking powder,8
vegetable shortening,white sugar,1
baking soda,orange,1
baking soda,salt,5
orange,salt,1
all-purpose flour,baking soda,6
all-purpose flour,orange,1
orange,orange,1
salt,orange,1
vegetable shortening,egg,1
orange,baking soda,1
white sugar,orange,2
orange,all-purpose flour,1
vegetable shortening,butter,1
beef stock,cream cheese,1
beef stock,worcestershire sauce,1
pepper,worcestershire sauce,3
pepper,cream cheese,1
salt,cream cheese,3
worcestershire sauce,cream cheese,1
beef,cream cheese,1
garlic,cream cheese,1
all-purpose flour,cream cheese,3
mustard,cream cheese,1
butter,worcestershire sauce,3
onion,cream cheese,3
worcestershire sauce,mustard,1
butter,cream cheese,2
all-purpose flour,worcestershire sauce,3
sour cream,cream cheese,1
pepper,onion,6
garlic,worcestershire sauce,3
tomato,potato,2
onion,cream,2
tomato,butter,1
green bell pepper,pepper,1
celery,cream,1
green bell pepper,cream,1
green bell pepper,potato,2
celery,beetroot,2
water,green bell pepper,1
carrot,cream,1
beetroot,potato,2
cream,potato,1
tomato,dill,7
green bell pepper,cabbage,1
green bell pepper,tomato,4
carrot,butter,1
beetroot,cream,1
potato,potato,1
cream,dill,1
cabbage,potato,2
carrot,celery,2
cabbage,cream,1
butter,cream,4
green bell pepper,onion,4
salt,beetroot,1
cream,pepper,1
carrot,green bell pepper,2
water,cream,2
cream,salt,3
green bell pepper,dill,3
green bell pepper,beetroot,1
tomato,cream,1
potato,cream,2
green bell pepper,salt,3
celery,potato,2
water,beetroot,3
water,potato,5
salt,green bell pepper,1
green bell pepper,celery,1
salt,cream,3
green bell pepper,butter,1
celery,onion,1
milk,cabbage,1
egg,cabbage,3
dry active yeast,cabbage,1
white sugar,dry active yeast,2
all-purpose flour,cabbage,3
apple,brown sugar,1
salt,baking powder,4
baking powder,all-purpose flour,2
baking powder,cream,1
egg,brown sugar,2
cream,butter,2
apple,cinnamon,1
egg,apple,3
butter,brown sugar,1
egg,cream,5
all-purpose flour,cream,2
cream,cinnamon,1
apple,butter,1
all-purpose flour,apple,3
baking powder,egg,3
all-purpose flour,cinnamon,1
white sugar,cream,4
baking powder,cinnamon,1
white sugar,brown sugar,2
brown sugar,all-purpose flour,1
butter,cinnamon,2
cream,brown sugar,1
salt,cinnamon,2
baking powder,apple,3
white sugar,cinnamon,2
cream,apple,1
baking powder,brown sugar,1
egg,cinnamon,2
white sugar,apple,3
apple,all-purpose flour,2
cream,all-purpose flour,3
salt,apple,1
brown sugar,cinnamon,1
butter,apple,3
mayonnaise,onion,3
horseradish,worcestershire sauce,1
horseradish,ketchup,1
worcestershire sauce,parsley,2
onion,horseradish,1
mayonnaise,parsley,3
mayonnaise,horseradish,1
chili,ketchup,1
parsley,ketchup,1
mayonnaise,worcestershire sauce,2
onion,chili,1
mayonnaise,ketchup,2
parsley,chili,1
horseradish,chili,1
mayonnaise,chili,1
onion,ketchup,5
worcestershire sauce,chili,1
horseradish,parsley,1
worcestershire sauce,ketchup,1
vinegar,sour cream,2
onion,beetroot,2
celery,bay leaf,1
vinegar,dill,2
carrot,vinegar,4
beef,bay leaf,2
bay leaf,vinegar,1
beef,beetroot,1
celery,vinegar,1
water,bay leaf,3
onion,bay leaf,5
bay leaf,cabbage,1
bay leaf,sour cream,4
bay leaf,beetroot,1
beetroot,vinegar,2
sour cream,potato,1
water,sauerkraut,1
sour cream,water,3
all-purpose flour,potato,2
egg,sauerkraut,1
all-purpose flour,sauerkraut,1
sauerkraut,potato,2
salt,sauerkraut,1
potato,pickle,11
vinegar,salt,2
pickle,salt,5
potato,vinegar,1
beetroot,pickle,1
carrot,scallion,2
pickle,vinegar,1
vinegar,scallion,1
potato,scallion,6
pickle,scallion,2
beetroot,scallion,1
vegetable oil,scallion,1
potato,vegetable oil,5
carrot,vegetable oil,6
carrot,pickle,7
vegetable oil,vinegar,1
pickle,vegetable oil,2
beetroot,vegetable oil,2
baking soda,all-purpose flour,4
citric acid,all-purpose flour,1
salt,citric acid,1
baking soda,vegetable oil,4
milk,citric acid,1
baking soda,citric acid,1
citric acid,vegetable oil,1
citric acid,butter,1
egg,citric acid,1
citric acid,water,1
white sugar,citric acid,1
salt,baking soda,3
milk,baking soda,1
baking soda,water,2
eggplant,all-purpose flour,1
eggplant,sour cream,1
tomato,all-purpose flour,2
eggplant,garlic,2
eggplant,salt,3
eggplant,onion,4
lemon,sour cream,4
eggplant,tomato,4
sour cream,garlic,3
tomato,paprika,2
salt,paprika,2
pepper,paprika,2
lemon,onion,1
garlic,paprika,3
lemon,tomato,2
onion,paprika,3
eggplant,paprika,1
all-purpose flour,paprika,3
water,paprika,2
lemon,pepper,2
lemon,paprika,1
eggplant,lemon,1
eggplant,water,2
sour cream,paprika,1
eggplant,pepper,1
garlic,pepper,6
lemon,garlic,1
mayonnaise,mustard,2
ketchup,cream,1
mayonnaise,cream,1
sour cream,onion,3
ketchup,onion,1
sour cream,cream,2
sour cream,worcestershire sauce,2
mustard,cream,1
sour cream,ketchup,2
ketchup,parsley,1
chili sauce,parsley,1
mustard,parsley,2
onion,chili sauce,1
mayonnaise,sour cream,2
sour cream,mustard,2
worcestershire sauce,cream,1
cream,parsley,1
mustard,chili sauce,1
mustard,worcestershire sauce,1
mayonnaise,chili sauce,1
chili sauce,worcestershire sauce,1
ketchup,chili sauce,1
sour cream,chili sauce,1
chili sauce,cream,1
ketchup,mustard,1
ketchup,worcestershire sauce,2
sour cream,parsley,1
potato,cheddar cheese,3
walnut,garlic,2
beetroot,prune,1
prune,salt,2
beetroot,walnut,2
walnut,prune,2
mayonnaise,prune,1
walnut,mayonnaise,4
walnut,salt,3
mayonnaise,salt,6
beetroot,garlic,1
prune,garlic,1
egg,pickle,8
potato,egg,15
turkey,mayonnaise,1
scallion,baby pea,1
turkey,scallion,1
pickle,mayonnaise,6
potato,turkey,1
egg,baby pea,1
potato,baby pea,1
egg,mayonnaise,13
egg,scallion,4
baby pea,salt,1
baby pea,mayonnaise,1
turkey,salt,1
turkey,egg,1
scallion,mayonnaise,2
turkey,baby pea,1
turkey,pickle,1
pickle,baby pea,1
venison,tomato,1
cabbage,chili flake,1
tomato,ketchup,2
cabbage,venison,1
venison,garlic,1
venison,ketchup,1
garlic,ketchup,2
rice,ketchup,1
pork,chili flake,1
venison,onion,1
beef,chicken stock,2
venison,rice,1
garlic,onion,3
garlic,rice,1
rice,dill,4
onion,chili flake,1
pork,chicken stock,1
beef,chili flake,1
pork,venison,1
pork,ketchup,1
onion,chicken stock,3
venison,chili flake,1
garlic,chili flake,1
dill,ketchup,1
dill,chicken stock,2
venison,dill,1
garlic,dill,8
tomato,chicken stock,1
venison,chicken stock,1
garlic,chicken stock,2
ketchup,chicken stock,1
rice,chicken stock,2
cabbage,garlic,2
chili flake,ketchup,1
chili flake,tomato,1
chili flake,chicken stock,1
beef,venison,1
beef,ketchup,3
pork,dill,1
rice,chili flake,1
chili flake,dill,1
cabbage,chicken stock,1
cabbage,ketchup,1
onion,rice,2
onion,scallion,1
potato,baking powder,1
swiss cheese,scallion,1
onion,baking powder,1
cream,scallion,1
swiss cheese,butter,1
cheddar cheese,sour cream,2
baking powder,sour cream,2
cheddar cheese,swiss cheese,1
swiss cheese,onion,1
cheddar cheese,onion,1
swiss cheese,sour cream,1
cream,sour cream,2
sour cream,scallion,1
potato,swiss cheese,1
egg,swiss cheese,1
cheddar cheese,butter,1
cheddar cheese,scallion,1
cream,baking powder,2
cheddar cheese,baking powder,1
cream,cheddar cheese,1
cream,onion,1
salt,swiss cheese,1
baking powder,scallion,1
cream,swiss cheese,1
swiss cheese,baking powder,1
veal,garlic,1
pickle,mushroom,2
dill,paprika,1
green olive,dill,1
paprika,salt,1
pickle,tomato,2
onion,polish sausage,2
mushroom,veal,1
onion,green olive,1
veal,marjoram,1
caper,salt,1
ham,beef stock,1
all-purpose flour,marjoram,2
beef stock,green olive,1
polish sausage,caper,1
caper,all-purpose flour,1
caper,pepper,1
bay leaf,salt,2
green olive,pepper,1
water,veal,1
bay leaf,tomato,1
green olive,paprika,1
beef stock,all-purpose flour,2
beef stock,garlic,1
polish sausage,tomato,1
veal,polish sausage,1
pickle,dill,4
pickle,green olive,1
mushroom,mushroom,3
butter,veal,1
ham,paprika,1
caper,tomato,1
beef stock,paprika,1
ham,pickle,1
caper,mushroom,1
mushroom,paprika,2
veal,all-purpose flour,1
mushroom,bay leaf,2
polish sausage,pickle,1
veal,dill,1
all-purpose flour,green olive,1
caper,green olive,1
veal,green olive,1
marjoram,pickle,1
tomato,marjoram,1
mushroom,polish sausage,1
water,beef stock,2
butter,caper,1
mushroom,green olive,1
butter,marjoram,2
onion,veal,1
ham,pepper,2
green olive,marjoram,1
water,mushroom,3
tomato,pickle,1
beef stock,dill,2
caper,garlic,1
beef stock,bay leaf,2
pickle,pepper,3
water,pickle,2
ham,marjoram,1
ham,caper,1
caper,paprika,1
veal,paprika,1
pepper,marjoram,2
bay leaf,garlic,1
marjoram,paprika,1
polish sausage,beef stock,1
butter,pickle,2
pickle,pickle,2
butter,paprika,2
ham,dill,1
butter,ham,1
polish sausage,marjoram,1
bay leaf,paprika,1
veal,mushroom,1
mushroom,caper,1
all-purpose flour,pickle,1
beef stock,caper,1
onion,pickle,4
pickle,caper,1
veal,bay leaf,1
pickle,marjoram,1
veal,salt,1
onion,ham,1
polish sausage,all-purpose flour,1
marjoram,salt,1
polish sausage,garlic,1
veal,caper,1
water,caper,1
dill,garlic,3
water,marjoram,2
ham,bay leaf,1
water,polish sausage,2
polish sausage,paprika,1
bay leaf,marjoram,1
marjoram,pepper,1
bay leaf,caper,1
polish sausage,pepper,1
veal,beef stock,1
ham,tomato,1
dill,marjoram,1
paprika,pepper,2
ham,mushroom,1
green olive,pickle,2
mushroom,ham,1
polish sausage,green olive,1
pickle,paprika,1
pepper,green olive,1
ham,green olive,1
ham,polish sausage,1
bay leaf,pickle,1
onion,caper,1
pickle,garlic,2
green olive,garlic,1
pickle,all-purpose flour,1
tomato,tomato,3
mushroom,pickle,3
polish sausage,bay leaf,1
veal,ham,1
beef stock,tomato,2
pepper,caper,1
water,ham,1
caper,pickle,1
bay leaf,pepper,3
green olive,salt,2
polish sausage,mushroom,1
garlic,pickle,1
marjoram,garlic,1
onion,marjoram,2
beef stock,pickle,1
ham,salt,2
veal,pepper,1
beef stock,marjoram,1
water,green olive,1
caper,dill,1
ham,garlic,1
ham,all-purpose flour,1
veal,pickle,1
polish sausage,dill,2
caper,marjoram,1
dill,pickle,1
pepper,pickle,1
butter,polish sausage,1
veal,tomato,1
mushroom,marjoram,1
butter,green olive,1
bay leaf,green olive,1
polish sausage,salt,1
tomato,green olive,1
onion,lemon,4
parsley,cod,1
cod,lemon,1
water,cod,1
potato,cod,1
potato,lemon,1
parsley,lemon,2
potato,parsley,6
onion,cod,1
salt,red wine vinegar,2
red wine vinegar,water,2
tomato,vegetable oil,1
tomato,red wine vinegar,1
eggplant,vegetable oil,1
eggplant,red wine vinegar,1
eggplant,white sugar,1
onion,red wine vinegar,4
white sugar,red wine vinegar,1
green bell pepper,water,2
eggplant,green bell pepper,3
vegetable oil,red wine vinegar,1
green bell pepper,vegetable oil,1
green bell pepper,white sugar,1
green bell pepper,red wine vinegar,1
salmon,parsley,1
salmon,mayonnaise,2
olive oil,onion,9
egg,salmon,4
potato,salmon,2
olive oil,parsley,2
olive oil,mayonnaise,1
egg,olive oil,2
potato,olive oil,2
olive oil,salmon,1
onion,salmon,3
basil,cream cheese,1
mushroom,cream cheese,2
cream cheese,mushroom,1
cream cheese,onion,1
onion,tarragon,1
white sugar,mushroom,1
cream cheese,tarragon,1
butter,tarragon,1
cabbage,tarragon,1
white sugar,tarragon,1
all-purpose flour,basil,1
marjoram,basil,1
tarragon,basil,1
cream cheese,cream cheese,1
cabbage,mushroom,1
marjoram,mushroom,1
tarragon,dill,1
egg,marjoram,1
cabbage,marjoram,1
cream cheese,butter,2
marjoram,dill,2
white sugar,cream cheese,1
salt,basil,1
egg,mushroom,3
egg,tarragon,1
tarragon,mushroom,1
basil,butter,1
all-purpose flour,tarragon,1
salt,tarragon,1
marjoram,cream cheese,1
cabbage,butter,1
basil,dill,1
white sugar,dill,3
cream cheese,dill,2
white sugar,basil,1
marjoram,butter,1
cream cheese,cabbage,1
marjoram,tarragon,1
cream cheese,marjoram,1
salt,marjoram,2
tarragon,butter,1
egg,basil,1
onion,basil,1
cabbage,cream cheese,1
basil,mushroom,1
cabbage,basil,1
cream cheese,basil,1
tarragon,cream cheese,1
butter,basil,1
white sugar,onion,5
white sugar,marjoram,2
egg,cream cheese,2
olive oil,salt,7
white wine,ketchup,1
olive oil,butter,2
butter,egg noodle,1
butter,beef,4
olive oil,beef,2
olive oil,garlic,4
olive oil,pepper,3
butter,ketchup,1
white wine,onion,1
mushroom,egg noodle,3
ketchup,sour cream,1
olive oil,white wine,1
sour cream,egg noodle,3
pepper,ketchup,2
ketchup,mushroom,1
olive oil,worcestershire sauce,1
ketchup,egg noodle,1
white wine,garlic,1
olive oil,ketchup,2
all-purpose flour,egg noodle,2
all-purpose flour,ketchup,2
olive oil,egg noodle,1
salt,ketchup,1
white wine,mushroom,2
olive oil,mushroom,1
white wine,sour cream,2
pepper,beef,3
olive oil,sour cream,4
white wine,egg noodle,2
white wine,worcestershire sauce,1
garlic,mushroom,4
olive oil,all-purpose flour,1
garlic,egg noodle,3
pepper,egg noodle,4
parsley,beef stock,1
mustard,garlic,1
mustard,egg noodle,2
mushroom,parsley,1
dill,beef stock,1
parsley,garlic,1
parsley,all-purpose flour,2
mustard,all-purpose flour,1
mustard,dill,1
parsley,egg noodle,1
parsley,dill,4
mushroom,mustard,2
parsley,sour cream,4
dill,egg noodle,1
mustard,beef stock,1
mozzarella cheese,garlic,1
mozzarella cheese,mayonnaise,1
tomato,green bell pepper,1
green bell pepper,sour cream,2
onion,green bell pepper,3
garlic,walnut,2
carrot,walnut,2
garlic,mayonnaise,1
canola oil,bay leaf,1
canola oil,cabbage,1
canola oil,sour cream,3
red wine vinegar,beet,1
beef stock,lemon,1
lemon,bay leaf,1
lamb,beet,1
beet,dill,7
beet,sour cream,7
beef stock,cabbage,1
lamb,red wine vinegar,1
beet,bay leaf,3
canola oil,onion,3
beef stock,beet,1
red wine vinegar,tomato,1
red wine vinegar,salt,3
beet,pepper,5
canola oil,salt,2
cabbage,bay leaf,2
lamb,salt,1
tomato,bay leaf,1
lamb,tomato,2
canola oil,tomato,1
onion,beet,2
tomato,beet,1
beef stock,red wine vinegar,2
lemon,cabbage,2
lemon,beet,1
cabbage,beet,2
canola oil,beet,1
red wine vinegar,cabbage,2
lamb,sour cream,1
canola oil,lamb,1
lamb,onion,2
canola oil,red wine vinegar,1
lemon,dill,2
red wine vinegar,pepper,2
lamb,pepper,1
red wine vinegar,lemon,1
canola oil,beef stock,1
canola oil,dill,1
lamb,cabbage,1
lamb,bay leaf,1
red wine vinegar,bay leaf,1
lamb,dill,2
lamb,lemon,1
lamb,beef stock,1
canola oil,lemon,1
canola oil,pepper,2
red wine vinegar,dill,2
beet,salt,9
red wine vinegar,sour cream,2
potato,silken tofu,1
tomato,silken tofu,1
potato,chard,1
vegetable stock,silken tofu,1
carrot,chard,1
chard,vegetable stock,1
green bell pepper,beet,1
garlic,green bell pepper,1
onion,olive oil,3
beet,chard,1
beet,tomato,2
chard,silken tofu,1
olive oil,chard,1
garlic,chard,1
garlic,water,4
celery,beet,1
chard,water,1
garlic,silken tofu,1
olive oil,vegetable stock,1
celery,silken tofu,1
dill,silken tofu,1
vegetable stock,water,1
olive oil,potato,2
celery,green bell pepper,1
garlic,olive oil,1
olive oil,dill,2
onion,silken tofu,1
carrot,silken tofu,1
garlic,carrot,2
carrot,beet,3
chard,dill,1
beet,vegetable stock,2
green bell pepper,vegetable stock,1
green bell pepper,chard,1
olive oil,olive oil,1
beet,potato,4
green bell pepper,silken tofu,1
beet,silken tofu,1
olive oil,celery,1
olive oil,beet,1
garlic,beet,1
garlic,celery,1
olive oil,carrot,3
celery,chard,1
beet,water,4
garlic,vegetable stock,1
olive oil,silken tofu,1
olive oil,water,3
olive oil,tomato,2
water,silken tofu,1
onion,chard,1
olive oil,green bell pepper,3
tomato,chard,1
onion,beef,4
onion,chive,1
potato,cottage cheese,1
bacon,bacon,1
egg,cottage cheese,3
cottage cheese,sour cream,4
cottage cheese,wonton wrapper,1
water,wonton wrapper,1
bacon,cayenne pepper,1
bacon,wonton wrapper,1
butter,bacon,1
potato,cayenne pepper,1
cayenne pepper,wonton wrapper,1
cottage cheese,chive,1
onion,cottage cheese,1
cayenne pepper,egg,1
cayenne pepper,cottage cheese,1
butter,cayenne pepper,1
butter,wonton wrapper,1
cayenne pepper,sour cream,1
cayenne pepper,chive,1
wonton wrapper,chive,1
cottage cheese,water,1
water,chive,1
bacon,chive,1
butter,cottage cheese,2
potato,wonton wrapper,1
egg,wonton wrapper,1
cayenne pepper,water,1
onion,cayenne pepper,2
onion,wonton wrapper,1
bacon,potato,1
butter,chive,1
bacon,egg,1
bacon,cottage cheese,1
potato,chive,1
egg,chive,1
sour cream,chive,1
wonton wrapper,sour cream,1
red bell pepper,green bell pepper,1
eggplant,red bell pepper,2
salt,red pepper flakes,1
red bell pepper,red pepper flakes,1
olive oil,red pepper flakes,1
red bell pepper,onion,1
onion,red pepper flakes,1
olive oil,red bell pepper,1
red bell pepper,carrot,1
green bell pepper,red pepper flakes,1
green bell pepper,carrot,1
red bell pepper,salt,1
carrot,red pepper flakes,1
olive oil,eggplant,1
eggplant,red pepper flakes,1
eggplant,carrot,1
sauerkraut,salt,3
sauerkraut,sour cream,2
mushroom,sauerkraut,1
salt,cucumber,2
beef stock,onion,1
beet,red wine vinegar,1
pepper,cucumber,1
pepper,red wine vinegar,1
red wine vinegar,cucumber,1
beet,onion,6
beet,cucumber,1
cucumber,sour cream,2
onion,cucumber,2
beef stock,cucumber,1
beet,beef stock,1
carrot,mixed herb,1
sour cream,mixed herb,1
vegetable oil,mixed herb,1
cabbage,vegetable oil,2
cabbage,mixed herb,1
tomato,mixed herb,1
cabbage,carrot,4
salt,mixed herb,1
water,mixed herb,1
pork,carrot,1
onion,pork,1
rice,carrot,1
onion,mixed herb,1
beef,mixed herb,1
vegetable oil,tomato,3
pork,mixed herb,1
vegetable oil,pork,1
rice,vegetable oil,1
vegetable oil,carrot,3
rice,sour cream,2
rice,mixed herb,1
pork,sour cream,2
rice,pork,1
canola oil,mustard,1
canola oil,garlic,1
canola oil,mushroom,1
white wine,mustard,1
canola oil,beef,2
canola oil,white wine,1
canola oil,egg noodle,2
tomato,cucumber,1
romaine lettuce,olive oil,1
romaine lettuce,salt,1
cucumber,salt,2
tomato,parsley,3
cucumber,lemon,1
romaine lettuce,lemon,1
romaine lettuce,tomato,1
romaine lettuce,cucumber,1
cucumber,parsley,1
romaine lettuce,onion,1
cucumber,olive oil,1
salt,olive oil,2
tomato,olive oil,1
romaine lettuce,sour cream,1
lemon,olive oil,1
romaine lettuce,parsley,1
cucumber,onion,1
tomato,lemon,1
salt,lemon,4
parsley,olive oil,1
beet,egg,1
beet,mayonnaise,1
potato,beet,3
water,bacon,1
marjoram,polish sausage,1
bacon,dill,1
salt,polish sausage,1
parsley,onion,1
dill,carrot,2
beetroot,marjoram,1
salt,leek,1
beetroot,polish sausage,1
parsley,leek,1
leek,onion,1
water,leek,1
bacon,carrot,1
white sugar,parsley,2
beetroot,parsley,1
pepper,leek,1
red wine vinegar,onion,1
carrot,polish sausage,1
bacon,pepper,1
white sugar,bacon,1
marjoram,cabbage,1
white sugar,carrot,1
white sugar,beef,3
red wine vinegar,white sugar,1
beef,marjoram,1
bacon,polish sausage,1
dill,leek,1
red wine vinegar,parsley,1
bacon,leek,1
beetroot,bacon,1
dill,polish sausage,1
cabbage,leek,1
beetroot,beef,1
marjoram,onion,1
beef,polish sausage,1
bacon,marjoram,1
beef,leek,1
white sugar,polish sausage,1
marjoram,leek,1
red wine vinegar,bacon,1
beetroot,leek,1
parsley,polish sausage,1
dill,cabbage,2
bacon,cabbage,1
red wine vinegar,carrot,1
red wine vinegar,beef,1
leek,polish sausage,1
pepper,polish sausage,1
beetroot,white sugar,1
red wine vinegar,marjoram,1
bacon,parsley,1
red wine vinegar,leek,1
red wine vinegar,polish sausage,1
marjoram,carrot,1
pepper,carrot,1
parsley,marjoram,1
parsley,cabbage,1
cabbage,polish sausage,1
beetroot,red wine vinegar,2
parsley,carrot,1
dill,onion,2
white sugar,leek,1
salt,cottage cheese,2
all-purpose flour,cottage cheese,2
milk,cottage cheese,2
cottage cheese,lemon,1
cottage cheese,vanilla,3
cream cheese,sour cream,1
almond,currant,1
lemon,currant,1
butter,almond,4
sour cream,currant,1
cream cheese,almond,1
cream cheese,lemon,1
lemon,almond,2
lemon,vanilla,2
white sugar,vanilla,11
cream cheese,white sugar,1
cream cheese,cottage cheese,1
white sugar,almond,4
vanilla,currant,1
sour cream,butter,4
cream cheese,currant,1
sour cream,vanilla,4
cream cheese,vanilla,1
cottage cheese,butter,1
butter,currant,1
sour cream,white sugar,3
cottage cheese,almond,1
cottage cheese,currant,1
sour cream,almond,1
white sugar,currant,1
vanilla,almond,4
corn syrup,salt,1
dry active yeast,rye flour,1
corn syrup,rye flour,1
salt,rye flour,1
garlic,sherry,1
beef,sherry,1
butter,sherry,1
sour cream,sherry,1
pepper,sherry,1
beef stock,sherry,1
tomato,sherry,1
salt,sherry,1
mushroom,sherry,1
all-purpose flour,sherry,1
onion,sherry,1
evaporated milk,pasta,1
cottage cheese,evaporated milk,1
salt,pasta,1
cottage cheese,pepper,1
ham,pasta,1
evaporated milk,ham,1
sour cream,evaporated milk,1
egg,evaporated milk,1
evaporated milk,salt,1
cottage cheese,pasta,1
pepper,pasta,1
egg,ham,2
sour cream,ham,1
egg,pasta,1
cottage cheese,ham,1
sour cream,pasta,1
evaporated milk,pepper,1
mayonnaise,tomato,1
pea,chicken,1
pea,pepper,3
chicken,pepper,1
pea,mayonnaise,4
pepper,mayonnaise,1
mayonnaise,mayonnaise,2
chicken,tomato,2
pickle,chicken,1
potato,chicken,3
egg,chicken,4
pea,tomato,1
mayonnaise,pepper,2
potato,pea,6
egg,pea,3
pickle,pea,3
paprika,mushroom,1
mushroom,worcestershire sauce,1
pepper,liquid smoke,1
sour cream,liquid smoke,1
butter,liquid smoke,1
beef,paprika,1
beef,liquid smoke,1
mushroom,beef,1
mushroom,liquid smoke,1
onion,liquid smoke,1
paprika,liquid smoke,1
all-purpose flour,liquid smoke,1
salt,liquid smoke,1
liquid smoke,worcestershire sauce,1
garlic,liquid smoke,1
paprika,worcestershire sauce,1
paprika,sour cream,1
butter,baking soda,2
baking soda,cream,1
cinnamon,sour cream,1
cinnamon,all-purpose flour,1
water,cinnamon,1
baking soda,sour cream,2
baking soda,cinnamon,1
honey,honey,1
cinnamon,cream,1
honey,butter,2
honey,cinnamon,1
water,baking soda,1
honey,baking soda,1
honey,salt,3
honey,cream,1
honey,all-purpose flour,3
potato,bologna,3
pickle,egg,1
pickle,sour cream,1
carrot,bologna,2
pickle,bologna,1
pickle,onion,3
bologna,salt,1
pea,salt,3
pea,bologna,1
bologna,pepper,1
pea,egg,1
pea,sour cream,1
bologna,mayonnaise,2
pea,onion,3
carrot,pea,5
bologna,egg,1
bologna,sour cream,1
onion,bologna,1
pea,pickle,2
carrot,egg,6
potato,hot sauce,1
hot sauce,sour cream,1
beef bones,hot sauce,1
olive oil,sauerkraut,1
olive oil,hot sauce,1
onion,hot sauce,1
hot sauce,salt,1
beef bones,olive oil,1
beef bones,salt,1
beef bones,potato,1
beef bones,sour cream,1
beef bones,onion,1
sauerkraut,onion,1
sauerkraut,hot sauce,1
beef bones,sauerkraut,1
beet,horseradish,1
pork,beetroot,1
pork,water,2
water,red wine vinegar,1
pork,red wine vinegar,1
potato,pork,1
potato,red wine vinegar,1
sour cream,red wine vinegar,1
vanilla,butter,2
vanilla,baking powder,2
egg,vanilla,9
vanilla,apple,2
beef,beef,1
green bell pepper,beef,1
green bell pepper,egg noodle,1
canola oil,green bell pepper,1
beef,green bell pepper,1
white sugar,semolina,1
semolina,canola oil,1
cottage cheese,semolina,1
egg,semolina,1
white sugar,canola oil,1
cottage cheese,canola oil,1
all-purpose flour,canola oil,1
egg,canola oil,1
semolina,all-purpose flour,1
garlic,cayenne pepper,1
salt,coriander,1
coriander,cayenne pepper,1
vinegar,onion,2
carrot,cayenne pepper,1
garlic,white sugar,2
vinegar,vegetable oil,3
garlic,vegetable oil,5
carrot,coriander,1
vegetable oil,coriander,1
white sugar,coriander,1
vegetable oil,cayenne pepper,1
vinegar,cayenne pepper,1
onion,coriander,1
vinegar,coriander,1
salt,cayenne pepper,1
white sugar,cayenne pepper,1
garlic,coriander,1
garlic,vinegar,2
pea,parsley,2
ham,parsley,1
ham,mayonnaise,1
pickle,parsley,1
carrot,ham,1
pea,ham,1
carrot,parsley,3
potato,ham,1
pickle,ham,1
parsley,mayonnaise,1
butter,parmesan cheese,1
pepper,cheddar cheese,1
olive oil,chicken stock,1
cheddar cheese,vegetable oil,1
butter,olive oil,1
egg,garlic,4
white sugar,chicken stock,1
all-purpose flour,olive oil,1
cheddar cheese,parmesan cheese,1
garlic,parmesan cheese,1
pepper,chicken stock,1
chicken stock,parmesan cheese,1
dry active yeast,parmesan cheese,1
white sugar,cheddar cheese,1
olive oil,parmesan cheese,1
dry active yeast,onion,2
all-purpose flour,parmesan cheese,1
all-purpose flour,cheddar cheese,1
milk,pepper,1
vegetable oil,chicken stock,1
milk,olive oil,1
pepper,parmesan cheese,1
milk,parmesan cheese,1
milk,beef,2
salt,parmesan cheese,1
milk,onion,3
dry active yeast,cheddar cheese,1
vegetable oil,olive oil,1
dry active yeast,pepper,1
chicken stock,vegetable oil,1
dill,parmesan cheese,1
dill,cheddar cheese,1
milk,dill,1
milk,cheddar cheese,1
dry active yeast,garlic,1
all-purpose flour,chicken stock,2
olive oil,vegetable oil,1
salt,chicken stock,2
dry active yeast,beef,1
chicken stock,cheddar cheese,1
white sugar,olive oil,1
egg,chicken stock,1
beef,cheddar cheese,2
white sugar,parmesan cheese,1
dry active yeast,dill,1
milk,garlic,1
dry active yeast,chicken stock,1
milk,chicken stock,1
dry active yeast,olive oil,2
vegetable oil,parmesan cheese,1
egg,parmesan cheese,1
butter,cheddar cheese,1
beef,parmesan cheese,1
onion,parmesan cheese,1
olive oil,cheddar cheese,1
parmesan cheese,vegetable oil,1
mushroom,gouda cheese,1
sour cream,gouda cheese,1
vegetable oil,gouda cheese,1
egg noodle,ketchup,1
garlic powder,ketchup,1
all-purpose flour,vinegar,1
sour cream,vinegar,1
garlic powder,sour cream,1
garlic powder,egg noodle,1
garlic powder,beef stock,1
egg noodle,beef stock,1
beef stock,ketchup,1
water,ketchup,1
beef stock,vinegar,1
ketchup,vinegar,1
egg noodle,all-purpose flour,1
egg noodle,vinegar,1
apricot,honey,1
baking powder,walnut,1
breadcrumb,apricot,1
honey,baking powder,1
breadcrumb,honey,1
butter,baking powder,4
breadcrumb,white sugar,1
apricot,all-purpose flour,1
apricot,walnut,1
breadcrumb,baking powder,1
apricot,milk,1
butter,apricot,1
breadcrumb,egg,1
breadcrumb,milk,1
apricot,egg,1
apricot,baking powder,1
milk,baking powder,2
breadcrumb,walnut,1
breadcrumb,all-purpose flour,1
apricot,white sugar,1
honey,milk,1
sunflower oil,all-purpose flour,1
milk,potato,1
sunflower oil,egg,1
sunflower oil,potato,1
sunflower oil,vegetable oil,1
milk,sunflower oil,1
milk,mushroom,1
sunflower oil,water,1
sunflower oil,mushroom,1
sunflower oil,onion,1
sunflower oil,salt,2
mushroom,vegetable oil,2
mayonnaise,pickle,3
celery,green olive,1
salt,pickle,1
chicken,mustard,1
potato,green olive,1
celery,egg,1
egg,green olive,1
mayonnaise,green olive,1
celery,mustard,1
mustard,green olive,1
celery,chicken,1
chicken,green olive,1
potato,mustard,1
egg,mustard,1
mayonnaise,chicken,2
mayonnaise,celery,1
celery,pickle,1
chicken,pickle,2
mustard,pickle,1
garbanzo bean,dill,1
carrot,black bean,1
pea,vegetable oil,1
potato,black bean,1
pickle,black bean,1
black bean,onion,1
onion,pea,2
beet,pickle,2
onion,onion,2
beet,garbanzo bean,1
beet,corn,1
beet,pea,2
garbanzo bean,black bean,1
beet,mushroom,1
beet,vegetable oil,3
garbanzo bean,vegetable oil,1
onion,corn,1
corn,pea,1
mushroom,corn,1
garbanzo bean,pea,1
beet,black bean,1
corn,vegetable oil,1
onion,garbanzo bean,1
carrot,garbanzo bean,1
mushroom,garbanzo bean,1
potato,corn,1
black bean,corn,1
mushroom,pea,1
potato,garbanzo bean,1
pickle,garbanzo bean,1
black bean,vegetable oil,1
corn,dill,2
carrot,corn,1
black bean,dill,1
beet,carrot,4
garbanzo bean,onion,1
black bean,pea,1
corn,onion,2
pea,dill,3
pickle,corn,1
onion,black bean,1
mushroom,black bean,1
garbanzo bean,corn,1
icing sugar,icing sugar,1
butter,hazelnut,1
icing sugar,hazelnut,1
all-purpose flour,hazelnut,1
all-purpose flour,vodka,1
salt,hazelnut,1
hazelnut,icing sugar,1
butter,vodka,1
icing sugar,vodka,1
vodka,hazelnut,1
vodka,icing sugar,2
salt,vodka,1
almond,icing sugar,3
cream,icing sugar,1
cream,vanilla,1
all-purpose flour,almond,3
cream,almond,1
baking powder,almond,1
egg,almond,3
wheat flour,egg,3
dry active yeast,sour cream,2
milk,sour cream,3
wheat flour,all-purpose flour,1
wheat flour,cream,1
dry active yeast,cream,1
sour cream,all-purpose flour,4
white sugar,wheat flour,2
wheat flour,salt,3
dry active yeast,wheat flour,1
milk,cream,1
milk,wheat flour,2
zucchini,salt,2
spring onion,dill,1
spring onion,vegetable oil,1
zucchini,dill,1
spring onion,egg,1
zucchini,vegetable oil,1
zucchini,egg,2
zucchini,all-purpose flour,2
zucchini,spring onion,1
zucchini,garlic,1
spring onion,garlic,1
spring onion,all-purpose flour,1
spring onion,salt,1
cucumber,scallion,2
cucumber,vinegar,1
buttermilk,cucumber,1
beet,scallion,1
buttermilk,vinegar,1
scallion,dill,3
dill,vinegar,1
cucumber,dill,2
cucumber,beet,1
scallion,vinegar,1
buttermilk,scallion,1
buttermilk,beet,1
buttermilk,dill,1
beet,vinegar,3
chicken stock,chicken stock,1
chicken stock,water,1
chicken stock,onion,1
rice,all-purpose flour,1
puff pastry,water,1
salmon,egg,1
chicken stock,egg,1
salt,salmon,2
all-purpose flour,salmon,2
all-purpose flour,puff pastry,1
rice,lemon,1
cabbage,salmon,1
chicken stock,salmon,1
butter,salmon,2
chicken stock,cabbage,1
rice,puff pastry,1
lemon,puff pastry,1
lemon,salmon,1
onion,puff pastry,1
mushroom,cabbage,1
rice,salmon,1
mushroom,salmon,1
dill,salmon,1
salmon,puff pastry,1
butter,rice,1
mushroom,puff pastry,1
salmon,water,1
chicken stock,puff pastry,1
mushroom,lemon,1
chicken stock,lemon,1
salmon,salt,1
rice,mushroom,1
rice,water,1
chicken stock,butter,1
rice,butter,1
water,condensed milk,1
all-purpose flour,condensed milk,2
margarine,condensed milk,1
margarine,egg,1
lemon,condensed milk,1
butter,condensed milk,2
egg,condensed milk,2
margarine,lemon,1
margarine,margarine,1
margarine,butter,1
water,walnut,1
condensed milk,walnut,1
margarine,all-purpose flour,1
margarine,walnut,1
margarine,water,1
scallion,spinach,1
egg,rice,1
potato,rice,1
salt,spinach,1
spinach,sour cream,1
rice,scallion,1
spinach,dill,1
scallion,parsley,1
rice,spinach,1
spinach,parsley,1
egg,spinach,1
potato,spinach,1
zucchini,icing sugar,1
zucchini,butter,1
icing sugar,salt,1
quark cheese,vanilla,2
raisin,vanilla,3
quark cheese,raisin,1
quark cheese,salt,2
baking soda,vanilla,1
raisin,salt,3
quark cheese,baking soda,1
quark cheese,all-purpose flour,2
raisin,vegetable oil,2
quark cheese,egg,1
vanilla,vegetable oil,4
all-purpose flour,vanilla,8
raisin,all-purpose flour,3
vanilla,salt,4
raisin,baking soda,1
quark cheese,vegetable oil,2
quark cheese,white sugar,1
rice milk,millet,1
rice milk,butter,1
water,rice milk,1
pumpkin,rice milk,1
pumpkin,millet,1
water,millet,2
millet,butter,1
rice milk,salt,1
pumpkin,butter,1
millet,salt,2
pumpkin,salt,1
pumpkin,water,1
white sugar,quark cheese,1
egg,quark cheese,1
chicken,carrot,2
pickle,olive oil,1
beet,sauerkraut,1
carrot,sauerkraut,1
sauerkraut,olive oil,1
carrot,olive oil,1
beet,olive oil,2
pickle,sauerkraut,1
water,almond,1
raisin,icing sugar,2
salt,almond,2
honey,icing sugar,1
water,cardamom,1
saffron,white sugar,1
vodka,white sugar,1
vodka,egg,1
milk,vanilla,4
vanilla,lemon,2
vodka,milk,1
raisin,lemon,2
water,icing sugar,1
vodka,dry active yeast,1
milk,saffron,1
icing sugar,almond,1
saffron,vanilla,1
lemon,lemon,1
raisin,saffron,1
vodka,salt,1
cardamom,white sugar,1
icing sugar,lemon,2
vodka,water,1
saffron,all-purpose flour,1
dry active yeast,vanilla,3
raisin,cardamom,1
vodka,butter,1
cardamom,icing sugar,1
almond,almond,1
vodka,honey,1
vodka,all-purpose flour,1
water,vanilla,1
saffron,salt,1
vodka,lemon,1
cardamom,all-purpose flour,1
milk,icing sugar,2
cardamom,honey,1
raisin,vodka,1
saffron,butter,1
cardamom,vanilla,1
water,saffron,1
vodka,cardamom,1
lemon,icing sugar,1
almond,egg,2
dry active yeast,icing sugar,2
vodka,almond,1
dry active yeast,saffron,1
vodka,saffron,1
cardamom,butter,1
cardamom,almond,1
white sugar,saffron,1
raisin,butter,4
saffron,egg,1
raisin,almond,2
raisin,milk,2
dry active yeast,cardamom,1
vodka,vanilla,1
cardamom,salt,1
milk,almond,2
saffron,almond,1
cardamom,lemon,1
white sugar,cardamom,1
honey,almond,1
saffron,icing sugar,1
milk,cardamom,1
honey,vanilla,1
saffron,lemon,1
raisin,dry active yeast,2
vanilla,egg,3
dry active yeast,almond,2
honey,lemon,1
cardamom,egg,1
saffron,honey,1
saffron,cardamom,1
almond,lemon,2
sour cream,sour cream,1
beet,lemon,1
vegetable stock,salt,1
beet,white sugar,2
vegetable stock,lemon,1
vegetable stock,white sugar,1
butter,raspberries,1
egg,raspberries,1
dry active yeast,raspberries,1
raspberries,egg,1
raspberries,white sugar,1
white sugar,raspberries,1
all-purpose flour,raspberries,1
salt,raspberries,1
milk,raspberries,1
water,raisin,1
almond,citrus peel,1
citrus peel,lemon,1
raisin,citrus peel,1
rum,almond,1
milk,citrus peel,1
rum,vanilla,1
rum,egg,1
salt,vanilla,3
citrus peel,egg,1
dry active yeast,citrus peel,1
rum,white sugar,1
icing sugar,egg,1
raisin,rum,1
citrus peel,icing sugar,1
salt,citrus peel,1
vanilla,citrus peel,1
all-purpose flour,citrus peel,1
rum,lemon,1
rum,citrus peel,1
rum,icing sugar,1
butter,citrus peel,1
white sugar,citrus peel,1
egg,citrus peel,1
rum,milk,1
rum,butter,1
rum,salt,1
rum,all-purpose flour,1
rum,dry active yeast,1
baking powder,milk,1
sour cream,tomato,1
white sugar,vinegar,1
beet,garlic,4
red bell pepper,dill,1
potato,garlic,2
red bell pepper,parsley,1
lamb,potato,1
potato,eggplant,1
eggplant,dill,1
lamb,red bell pepper,1
garlic,parsley,2
eggplant,parsley,1
lamb,parsley,1
garlic,red bell pepper,1
lamb,eggplant,1
onion,eggplant,1
tomato,red bell pepper,1
potato,red bell pepper,1
onion,red bell pepper,1
lamb,garlic,1
vanilla,vanilla,1
vanilla,white sugar,1
vanilla,cottage cheese,1
vegetable oil,vanilla,1
white sugar,cottage cheese,1
vegetable oil,cottage cheese,1
sour cream,egg,2
dry active yeast,cottage cheese,1
vanilla,sour cream,1
pork,vegetable oil,1
onion,breadcrumb,1
garlic,breadcrumb,1
salt,breadcrumb,1
pork,breadcrumb,1
vegetable oil,yellow lentil,1
vinegar,potato,1
vegetable oil,cabbage,1
cabbage,yellow lentil,1
vinegar,cabbage,1
vinegar,tomato,1
vinegar,yellow lentil,1
carrot,yellow lentil,1
yellow lentil,dill,1
beet,yellow lentil,1
yellow lentil,tomato,1
onion,yellow lentil,1
yellow lentil,potato,1
beet,cabbage,2
yellow lentil,sour cream,1
water,yellow lentil,1
vinegar,water,1
vinegar,carrot,1
sour cream,baking powder,2
butter,dulce de leche,1
dulce de leche,poppy seed,1
white sugar,dulce de leche,1
sour cream,dulce de leche,1
all-purpose flour,dulce de leche,1
sour cream,poppy seed,2
baking powder,dulce de leche,1
baking powder,poppy seed,1
wheat germ,molasses,1
cocoa powder,wheat flour,1
wheat flour,water,1
beer,honey,1
rye flour,honey,1
cocoa powder,water,1
wheat germ,caraway seed,1
rye flour,olive oil,1
wheat germ,beer,1
caraway seed,onion,1
wheat flour,beer,1
dry active yeast,beer,1
wheat germ,olive oil,1
cocoa powder,egg,1
olive oil,molasses,1
beer,balsamic vinegar,1
wheat flour,cocoa powder,1
caraway seed,water,1
wheat germ,dry active yeast,1
coffee,olive oil,1
rye flour,egg,1
balsamic vinegar,egg,1
wheat flour,coffee,1
wheat germ,onion,1
coffee,balsamic vinegar,1
cocoa powder,salt,1
cocoa powder,onion,1
wheat flour,wheat flour,1
beer,olive oil,1
caraway seed,molasses,1
wheat flour,onion,1
dry active yeast,coffee,1
wheat germ,balsamic vinegar,1
honey,molasses,1
balsamic vinegar,onion,1
molasses,salt,1
wheat germ,egg,1
rye flour,water,1
wheat flour,wheat germ,1
wheat flour,rye flour,1
cocoa powder,olive oil,1
molasses,water,1
beer,onion,1
dry active yeast,molasses,1
beer,salt,1
rye flour,molasses,1
caraway seed,beer,1
wheat flour,caraway seed,1
rye flour,balsamic vinegar,1
cocoa powder,wheat germ,1
caraway seed,olive oil,1
coffee,water,1
wheat flour,molasses,1
coffee,onion,1
coffee,salt,1
caraway seed,balsamic vinegar,1
cocoa powder,balsamic vinegar,1
balsamic vinegar,molasses,1
rye flour,wheat germ,1
beer,egg,1
wheat flour,dry active yeast,1
wheat germ,salt,1
beer,water,1
rye flour,onion,1
cocoa powder,honey,1
rye flour,wheat flour,1
caraway seed,coffee,1
coffee,egg,1
balsamic vinegar,olive oil,1
wheat germ,coffee,1
honey,onion,1
molasses,egg,1
cocoa powder,beer,1
beer,molasses,1
wheat germ,water,1
wheat germ,honey,1
olive oil,egg,1
cocoa powder,molasses,1
rye flour,beer,1
wheat flour,olive oil,1
beer,coffee,1
dry active yeast,balsamic vinegar,1
caraway seed,egg,1
coffee,honey,1
wheat flour,honey,1
olive oil,honey,1
wheat flour,balsamic vinegar,1
coffee,molasses,1
molasses,onion,1
balsamic vinegar,honey,1
balsamic vinegar,salt,1
balsamic vinegar,water,1
eggplant,ketchup,1
eggplant,olive oil,1
green bell pepper,ketchup,1
kefir,baking soda,2
kefir,vegetable oil,2
brown sugar,salt,2
kefir,salt,2
egg,kefir,1
kefir,brown sugar,1
brown sugar,baking soda,1
kefir,white sugar,2
brown sugar,vegetable oil,1
kefir,all-purpose flour,1
egg,bologna,2
bologna,pickle,1
dill,mayonnaise,2
bologna,dill,2
bologna,onion,1
bologna,pea,1
pea,butter,1
pea,water,1
pea,all-purpose flour,1
pea,white sugar,1
wheat flour,vegetable oil,1
egg,wheat flour,1
salt,wheat flour,2
millet,winter squash,1
winter squash,salt,1
water,winter squash,1
beet,havarti cheese,1
garlic,havarti cheese,1
havarti cheese,walnut,1
sour cream,havarti cheese,1
sour cream,walnut,2
sour cream,prune,1
beet,walnut,1
havarti cheese,salt,1
havarti cheese,prune,1
garlic,prune,1
beet,prune,1
rice,mayonnaise,1
water,crab,1
water,mayonnaise,1
rice,garlic,1
water,corn,1
corn,mayonnaise,1
rice,crab,1
rice,corn,1
crab,mayonnaise,1
corn,garlic,1
corn,crab,1
rice,pickle,1
crab,garlic,1
crab,onion,1
corn,pickle,1
crab,egg,1
corn,egg,1
crab,pickle,1
mayonnaise,dill,2
crab,dill,1
baking soda,walnut,1
white sugar,condensed milk,1
walnut,condensed milk,1
walnut,butter,2
poppy seed,condensed milk,1
sour cream,condensed milk,1
sour cream,raisin,1
baking soda,poppy seed,1
walnut,raisin,1
raisin,condensed milk,1
baking soda,condensed milk,1
raisin,poppy seed,1
poppy seed,butter,2
baking soda,raisin,1
walnut,poppy seed,1
pineapple,garlic,1
pineapple,walnut,1
cheddar cheese,salt,1
walnut,sour cream,1
pineapple,chicken,1
sour cream,mayonnaise,2
pineapple,mayonnaise,1
chicken,walnut,1
chicken,sour cream,2
cheddar cheese,mayonnaise,2
pineapple,cheddar cheese,2
pineapple,sour cream,1
cheddar cheese,garlic,1
cheddar cheese,walnut,1
pineapple,salt,1
cheddar cheese,milk,1
milk,mayonnaise,1
beef,mayonnaise,1
all-purpose flour,kefir,1
kefir,egg,1
sour cream,baking soda,2
baking soda,egg,1
sour cream,salmon,1
butter,mayonnaise,2
all-purpose flour,mayonnaise,2
baking soda,mayonnaise,1
baking soda,salmon,1
mayonnaise,salmon,1
vegetable oil,walnut,1
beetroot,chicken,1
beetroot,egg,1
vegetable oil,chicken,2
potato,walnut,1
chicken,pomegranate,1
carrot,pomegranate,1
salt,chicken,3
potato,pomegranate,1
egg,pomegranate,1
mayonnaise,pomegranate,1
walnut,pomegranate,1
salt,pomegranate,1
onion,pomegranate,1
carrot,chicken,2
onion,chicken,3
beetroot,pomegranate,1
vegetable oil,pomegranate,1
walnut,chicken,1
onion,walnut,1
scallion,egg,1
cheddar cheese,pickle,1
carrot,cheddar cheese,1
chicken,scallion,1
scallion,pickle,1
mushroom,scallion,1
scallion,cheddar cheese,1
apple,baking powder,1
baking powder,vanilla,2
apple,sour cream,1
apple,egg,1
apple,white sugar,1
apple,vanilla,1
apple,salt,1
parsnip,water,1
white wine vinegar,pepper,1
water,white wine vinegar,1
parsnip,bay leaf,1
onion,white wine vinegar,1
parsnip,sour cream,1
rutabaga,water,1
rutabaga,salt,1
carrot,rutabaga,1
brown sugar,pepper,1
brown sugar,parsley,1
brown sugar,bay leaf,1
garlic,rutabaga,1
carrot,white wine vinegar,1
white wine vinegar,sour cream,1
parsnip,salt,1
brown sugar,sour cream,1
brown sugar,water,1
carrot,brown sugar,1
white wine vinegar,parsley,1
garlic,white wine vinegar,1
parsnip,white wine vinegar,1
olive oil,parsnip,1
beet,brown sugar,1
bay leaf,white wine vinegar,1
beet,parsnip,1
bay leaf,parsley,1
olive oil,brown sugar,1
parsnip,pepper,1
brown sugar,white wine vinegar,1
rutabaga,parsley,1
garlic,brown sugar,1
beet,rutabaga,1
olive oil,white wine vinegar,1
rutabaga,brown sugar,1
carrot,parsnip,1
rutabaga,bay leaf,1
rutabaga,cabbage,1
rutabaga,white wine vinegar,1
olive oil,cabbage,1
onion,parsnip,1
cabbage,white wine vinegar,1
onion,brown sugar,1
rutabaga,pepper,1
parsnip,brown sugar,1
parsnip,parsley,1
beet,parsley,1
brown sugar,cabbage,1
garlic,bay leaf,2
olive oil,bay leaf,1
beet,white wine vinegar,1
olive oil,rutabaga,1
rutabaga,parsnip,1
salt,white wine vinegar,1
rutabaga,sour cream,1
garlic,parsnip,1
onion,rutabaga,1
parsnip,cabbage,1
cucumber,buttermilk,1
bologna,buttermilk,1
dill,buttermilk,1
potato,cucumber,1
egg,cucumber,2
bologna,scallion,1
cucumber,radish,1
bologna,radish,1
radish,dill,1
potato,radish,1
cucumber,bologna,1
radish,buttermilk,1
scallion,buttermilk,1
egg,buttermilk,1
scallion,radish,1
egg,radish,1
white sugar,fresh yeast,1
fresh yeast,butter,1
milk,fresh yeast,1
fresh yeast,salt,1
fresh yeast,egg,1
fresh yeast,all-purpose flour,1
fresh yeast,white sugar,1
salt,pineapple,1
salt,prawn,1
prawn,mayonnaise,1
egg,pineapple,1
mayonnaise,pineapple,1
prawn,egg,1
prawn,pineapple,1
prawn,cheddar cheese,1
sour cream,apple,1
riccota cheese,all-purpose flour,1
riccota cheese,baking powder,1
milk,apple,1
riccota cheese,white sugar,1
riccota cheese,butter,1
baking powder,white sugar,1
riccota cheese,vanilla,1
riccota cheese,apple,1
riccota cheese,milk,1
riccota cheese,egg,1
riccota cheese,sour cream,1
potato,red onion,2
egg,red onion,1
butter,red onion,1
red onion,mayonnaise,1
mushroom,red onion,2
red onion,pickle,1
gouda cheese,all-purpose flour,1
gouda cheese,cream cheese,1
cream cheese,garlic,1
gouda cheese,dill,1
garlic,chicken,2
mushroom,chicken,2
vegetable oil,cucumber,1
all-purpose flour,chicken,2
egg,carrot,1
gouda cheese,cucumber,1
cream cheese,cucumber,1
mayonnaise,mushroom,1
cream cheese,mayonnaise,1
cream cheese,chicken,1
mayonnaise,gouda cheese,1
vegetable oil,cream cheese,1
gouda cheese,vegetable oil,1
mayonnaise,all-purpose flour,1
gouda cheese,chicken,1
mushroom,cucumber,1
gouda cheese,carrot,1
egg,gouda cheese,1
gouda cheese,mayonnaise,1
all-purpose flour,cucumber,1
mayonnaise,cucumber,1
garlic,cucumber,1
all-purpose flour,carrot,1
gouda cheese,onion,1
dill,cream cheese,1
carrot,cucumber,1
mayonnaise,vegetable oil,1
dill,cucumber,1
dill,chicken,1
mayonnaise,cream cheese,1
gouda cheese,mushroom,1
chicken,cucumber,1
carrot,cream cheese,1
mayonnaise,carrot,1
baking soda,onion,1
potato,baking soda,1
baking soda,mushroom,1
sour cream,mushroom,1
pineapple,orange,1
cloves,orange,1
white sugar,allspice,1
allspice,pineapple,1
cloves,allspice,1
water,pineapple,1
lemon,orange,1
white sugar,pineapple,1
cloves,lemon,1
allspice,orange,1
cloves,pineapple,1
white sugar,cloves,1
water,cloves,1
water,allspice,1
pineapple,lemon,1
water,orange,1
allspice,lemon,1
water,chicken,1
beef,chicken,1
carrot,salmon,1
jalapeno,dill,1
chipotle pepper,sage leaf,1
red onion,sour cream,1
sage leaf,sour cream,1
mushroom,chipotle pepper,1
jalapeno,sour cream,1
jalapeno,bay leaf,1
chicken stock,sour cream,1
potato,sage leaf,1
sage leaf,dill,1
kale,chipotle pepper,1
chicken stock,sage leaf,1
beet,red onion,1
chipotle pepper,dill,1
mushroom,beet,1
mushroom,jalapeno,1
red onion,bay leaf,1
kale,jalapeno,1
garlic,sage leaf,1
beef,chipotle pepper,1
red onion,chipotle pepper,1
sage leaf,bay leaf,1
chicken stock,garlic,1
beet,kale,1
chipotle pepper,garlic,1
chicken stock,red onion,1
chicken stock,beef,1
beef,beet,1
beef,jalapeno,1
red onion,jalapeno,1
kale,bay leaf,1
chicken stock,kale,1
beef,kale,1
red onion,kale,1
potato,jalapeno,1
beef,potato,1
kale,dill,1
beet,jalapeno,1
jalapeno,garlic,1
mushroom,sage leaf,1
red onion,garlic,1
potato,kale,1
kale,sour cream,1
chicken stock,chipotle pepper,1
kale,sage leaf,1
mushroom,kale,1
beet,chipotle pepper,1
chicken stock,beet,1
chicken stock,jalapeno,1
beef,sage leaf,1
red onion,sage leaf,1
chipotle pepper,jalapeno,1
beet,sage leaf,1
jalapeno,sage leaf,1
kale,garlic,1
beef,red onion,1
potato,chipotle pepper,1
red onion,dill,1
chipotle pepper,sour cream,1
chipotle pepper,bay leaf,1
potato,bay leaf,1
sunflower oil,dill,1
beet,cider vinegar,1
onion,sunflower oil,1
carrot,sunflower oil,1
cider vinegar,dill,1
cider vinegar,pea,1
potato,sunflower oil,1
pea,sunflower oil,1
cider vinegar,sunflower oil,1
beet,sunflower oil,1
sunflower oil,pepper,1
cider vinegar,pepper,1
wheat flour,milk,1
milk,bay leaf,1
chicken,milk,1
all-purpose flour,bay leaf,1
chicken,wheat flour,1
chicken,bay leaf,1
all-purpose flour,wheat flour,1
wheat flour,bay leaf,1
egg,bay leaf,1
